French,English
partie,part
histoire,history
chercher,search
seulement,only
police,police
aide,help
demande,request
genre,kind
mois,month
frère,brother
car,because
laisse,leash
eux,them
ville,city
chaque,each
parlé,speak
longtemps,long time
vont,will
pendant,while
revoir,meet again
parle,speak
savais,knew
voici,here is
pourrais,could
affaire,case
donner,give
type,type
leurs,their
donné,given
écoute,listen
trouve,find
perdu,lost
main,hand
première,first
côté,side
pouvoir,power
tiens,here
enfant,child
point,point
venu,came
suite,after
venez,come
devant,in front of
demandé,request
chambre,bedroom
mis,placed
belle,beautiful
droit,law
aimerais,would like to
aujourd'hui,today
mari,husband
enfin,finally
espère,hope
attendez,Wait
nouvelle,new
arrêter,Stop
dirait,would say
fin,end
chérie,sweetheart
gros,large
plutôt,rather
aura,will have
filles,girls
